,title,score,id,url,comments_num,created,body,timestamp
0,Times Square right now,402703,l8rf4k,https://v.redd.it/x64z70f7eie61,12372,1612058438.0,,2021-01-31 04:00:38
1,UPVOTE so everyone sees we got SUPPORT,311665,l6wu59,https://i.redd.it/sgoqy8nyt2e61.png,12839,1611870034.0,,2021-01-28 23:40:34
2,GME YOLO update — Jan 28 2021,277283,l78uct,https://i.redd.it/opzucppb15e61.png,23811,1611896783.0,,2021-01-29 07:06:23
3,GME YOLO month-end update — Jan 2021,249485,l846a1,https://i.redd.it/r557em3t5ce61.png,20673,1611983085.0,,2021-01-30 07:04:45
4,It’s treason then,222800,l881ia,https://i.redd.it/d3t66lv1yce61.jpg,4687,1611992459.0,,2021-01-30 09:40:59
5,"CLASS ACTION AGAINST ROBINHOOD. Allowing people to only sell is the definition of market manipulation. A class action must be started, Robinhood has made plenty of money off selling info about our trades to the hedge funds to be able to pay out a little for causing people to loose money now",220897,l6x130,https://www.reddit.com/r/wallstreetbets/comments/l6x130/class_action_against_robinhood_allowing_people_to/,18400,1611870551.0,"LEAVE ROBINHOOD. They dont deserve to make money off us after the millions they caused in losses. It might take a couple of days, but send Robinhood to the ground and GME to the moon.",2021-01-28 23:49:11
6,GME YOLO update — Feb 19 2021,214198,lnqgz8,https://i.redd.it/2xswz0h11ii61.png,13282,1613797555.0,,2021-02-20 07:05:55
7,"Used some of my GME tendies to buy Nintendo Switches from Gamestop, then donated them to a Children's Hospital. Got featured on the local news and brought glory to WSB.",210053,l8c0u4,https://www.nbcdfw.com/news/local/north-texas-investor-uses-gamestop-gains-help-sick-children/2537134/,7198,1612004020.0,,2021-01-30 12:53:40
8,GME YOLO update — Jan 27 2021 --------------------------------------- guess i need 102 characters in title now,209328,l6ekdz,https://i.redd.it/a309gkm5yxd61.png,15257,1611810935.0,,2021-01-28 07:15:35
9,GME YOLO update — Feb 1 2021,209049,lae6j0,https://i.redd.it/og8ca1xskxe61.png,18794,1612242456.0,,2021-02-02 07:07:36
